Order ID,Product,Quantity,Location,Status,Timestamp
ORD1000,Product E,50,G1,Returned,2025-03-24 16:39:28
ORD1001,Product B,1,A1,Returned,2025-03-24 16:39:29
ORD1002,Product C,17,E1,Returned,2025-03-24 16:39:30
ORD1003,Product D,18,A1,Shipped,2025-03-24 16:39:31
ORD1004,Product B,25,F1,Packed,2025-03-24 16:39:32
ORD1005,Product D,21,B1,Shipped,2025-03-24 16:39:33
ORD1006,Product E,22,H1,Packed,2025-03-24 16:39:34
ORD1007,Product A,26,H1,Picked,2025-03-24 16:39:35
ORD1008,Product E,34,F1,Picked,2025-03-24 16:39:36
ORD1009,Product D,46,E1,Shipped,2025-03-24 16:39:37
ORD1010,Product C,30,G1,Packed,2025-03-24 16:39:38
ORD1011,Product C,29,E1,Picked,2025-03-24 16:39:39
ORD1012,Product C,43,B1,Returned,2025-03-24 16:39:40
ORD1013,Product B,32,G1,Shipped,2025-03-24 16:39:41
ORD1014,Product A,18,E1,Returned,2025-03-24 16:39:42
ORD1015,Product C,3,D1,Returned,2025-03-24 16:39:43
ORD1016,Product E,36,C1,Shipped,2025-03-24 16:39:44
ORD1017,Product D,36,B1,Shipped,2025-03-24 16:39:45
ORD1018,Product A,13,G1,Shipped,2025-03-24 16:39:46
ORD1019,Product E,17,F1,Shipped,2025-03-24 16:39:47
ORD1020,Product D,34,G1,Packed,2025-03-24 16:39:48
ORD1021,Product E,26,C1,Returned,2025-03-24 16:39:49
ORD1022,Product A,45,G1,Returned,2025-03-24 16:39:50
ORD1023,Product D,37,C1,Returned,2025-03-24 16:39:51
ORD1024,Product E,22,F1,Packed,2025-03-24 16:39:52
ORD1025,Product D,46,E1,Picked,2025-03-24 16:39:53
ORD1026,Product C,38,H1,Shipped,2025-03-24 16:39:54
ORD1027,Product C,41,A1,Picked,2025-03-24 16:39:55
ORD1028,Product B,50,H1,Returned,2025-03-24 16:39:56
ORD1029,Product A,40,C1,Returned,2025-03-24 16:39:57
ORD1030,Product E,23,E1,Picked,2025-03-24 16:39:58
ORD1031,Product D,12,B1,Returned,2025-03-24 16:39:59
ORD1032,Product D,7,A1,Picked,2025-03-24 16:40:00
ORD1033,Product B,15,D1,Returned,2025-03-24 16:40:01
ORD1034,Product B,48,H1,Packed,2025-03-24 16:40:02
ORD1035,Product A,44,D1,Packed,2025-03-24 16:40:03
ORD1036,Product C,22,E1,Picked,2025-03-24 16:40:04
ORD1037,Product B,45,E1,Shipped,2025-03-24 16:40:05
ORD1038,Product E,31,F1,Picked,2025-03-24 16:40:06
ORD1039,Product A,28,B1,Shipped,2025-03-24 16:40:07
ORD1040,Product B,16,B1,Packed,2025-03-24 16:40:08
ORD1041,Product C,29,E1,Returned,2025-03-24 16:40:09
ORD1042,Product B,15,B1,Packed,2025-03-24 16:40:10
ORD1043,Product D,22,E1,Returned,2025-03-24 16:40:11
ORD1044,Product D,36,C1,Shipped,2025-03-24 16:40:12
ORD1045,Product C,2,G1,Returned,2025-03-24 16:40:13
ORD1046,Product E,12,A1,Shipped,2025-03-24 16:40:14
ORD1047,Product B,43,F1,Shipped,2025-03-24 16:40:15
ORD1048,Product A,39,E1,Packed,2025-03-24 16:40:16
ORD1049,Product B,21,G1,Shipped,2025-03-24 16:40:17
ORD1050,Product B,32,A1,Picked,2025-03-24 16:40:18
ORD1051,Product B,22,D1,Packed,2025-03-24 16:40:19
ORD1052,Product C,31,D1,Shipped,2025-03-24 16:40:20
ORD1053,Product C,24,B1,Returned,2025-03-24 16:40:21
ORD1054,Product C,49,H1,Shipped,2025-03-24 16:40:22
ORD1055,Product C,31,A1,Picked,2025-03-24 16:40:23
ORD1056,Product D,14,D1,Shipped,2025-03-24 16:40:24
ORD1057,Product A,10,B1,Shipped,2025-03-24 16:40:25
ORD1058,Product D,7,H1,Picked,2025-03-24 16:40:26
ORD1059,Product E,10,D1,Picked,2025-03-24 16:40:27
ORD1060,Product C,3,D1,Picked,2025-03-24 16:40:28
ORD1061,Product A,41,B1,Returned,2025-03-24 16:40:29
ORD1062,Product B,12,C1,Shipped,2025-03-24 16:40:30
ORD1063,Product D,5,F1,Packed,2025-03-24 16:40:31
ORD1064,Product A,3,H1,Packed,2025-03-24 16:40:32
ORD1065,Product E,17,D1,Packed,2025-03-24 16:40:33
ORD1066,Product C,7,D1,Shipped,2025-03-24 16:40:34
ORD1067,Product A,40,F1,Picked,2025-03-24 16:40:35
ORD1068,Product C,44,F1,Returned,2025-03-24 16:40:36
ORD1069,Product D,16,D1,Picked,2025-03-24 16:40:37
ORD1070,Product A,14,H1,Picked,2025-03-24 16:40:38
ORD1071,Product A,12,E1,Returned,2025-03-24 16:40:39
ORD1072,Product B,35,C1,Returned,2025-03-24 16:40:40
ORD1073,Product E,31,D1,Returned,2025-03-24 16:40:41
ORD1074,Product B,19,G1,Packed,2025-03-24 16:40:42
ORD1075,Product D,19,A1,Shipped,2025-03-24 16:40:43
ORD1076,Product C,36,B1,Packed,2025-03-24 16:40:44
ORD1077,Product E,38,H1,Picked,2025-03-24 16:40:45
ORD1078,Product B,16,G1,Shipped,2025-03-24 16:40:46
ORD1079,Product C,2,E1,Picked,2025-03-24 16:40:47
ORD1080,Product E,21,B1,Returned,2025-03-24 16:40:48
ORD1081,Product E,48,G1,Shipped,2025-03-24 16:40:49
ORD1082,Product A,1,G1,Shipped,2025-03-24 16:40:50
ORD1083,Product B,34,D1,Shipped,2025-03-24 16:40:51
ORD1084,Product C,17,G1,Returned,2025-03-24 16:40:52
ORD1085,Product E,21,G1,Shipped,2025-03-24 16:40:53
ORD1086,Product B,38,C1,Packed,2025-03-24 16:40:54
ORD1087,Product A,47,D1,Packed,2025-03-24 16:40:55
ORD1088,Product E,2,C1,Packed,2025-03-24 16:40:56
ORD1089,Product E,25,F1,Packed,2025-03-24 16:40:57
ORD1090,Product E,15,G1,Packed,2025-03-24 16:40:58
ORD1091,Product A,1,D1,Picked,2025-03-24 16:40:59
ORD1092,Product B,43,B1,Packed,2025-03-24 16:41:00
ORD1093,Product C,31,H1,Returned,2025-03-24 16:41:01
ORD1094,Product A,6,E1,Picked,2025-03-24 16:41:02
ORD1095,Product B,7,C1,Packed,2025-03-24 16:41:03
ORD1096,Product B,41,H1,Shipped,2025-03-24 16:41:04
ORD1097,Product C,4,D1,Returned,2025-03-24 16:41:05
ORD1098,Product E,31,H1,Picked,2025-03-24 16:41:06
ORD1099,Product E,3,B1,Shipped,2025-03-24 16:41:07
ORD1100,Product C,36,G1,Shipped,2025-03-24 16:41:08
ORD1101,Product B,31,H1,Picked,2025-03-24 16:41:09
ORD1102,Product D,46,C1,Picked,2025-03-24 16:41:10
ORD1103,Product D,36,A1,Returned,2025-03-24 16:41:11
ORD1104,Product A,26,H1,Shipped,2025-03-24 16:41:12
ORD1105,Product E,14,F1,Shipped,2025-03-24 16:41:13
ORD1106,Product A,49,G1,Packed,2025-03-24 16:41:14
ORD1107,Product B,14,C1,Shipped,2025-03-24 16:41:15
ORD1108,Product D,27,E1,Returned,2025-03-24 16:41:16
ORD1109,Product B,29,A1,Returned,2025-03-24 16:41:17
ORD1110,Product B,37,B1,Shipped,2025-03-24 16:41:18
ORD1111,Product C,36,H1,Packed,2025-03-24 16:41:19
ORD1112,Product E,21,F1,Returned,2025-03-24 16:41:20
ORD1113,Product B,39,G1,Packed,2025-03-24 16:41:21
ORD1114,Product D,8,C1,Packed,2025-03-24 16:41:22
ORD1115,Product C,48,A1,Returned,2025-03-24 16:41:23
ORD1116,Product B,42,E1,Picked,2025-03-24 16:41:24
ORD1117,Product B,37,C1,Shipped,2025-03-24 16:41:25
ORD1118,Product D,34,B1,Picked,2025-03-24 16:41:26
ORD1119,Product B,23,C1,Picked,2025-03-24 16:41:27
ORD1120,Product C,12,G1,Picked,2025-03-24 16:41:28
ORD1121,Product C,12,H1,Shipped,2025-03-24 16:41:29
ORD1122,Product E,10,F1,Shipped,2025-03-24 16:41:30
ORD1123,Product B,6,G1,Picked,2025-03-24 16:41:31
ORD1124,Product E,39,E1,Picked,2025-03-24 16:41:32
ORD1125,Product A,44,F1,Packed,2025-03-24 16:41:33
ORD1126,Product B,16,H1,Packed,2025-03-24 16:41:34
ORD1127,Product A,28,E1,Returned,2025-03-24 16:41:35
ORD1128,Product D,37,B1,Shipped,2025-03-24 16:41:36
ORD1129,Product A,1,C1,Picked,2025-03-24 16:41:37
ORD1130,Product A,29,F1,Returned,2025-03-24 16:41:38
ORD1131,Product D,42,D1,Picked,2025-03-24 16:41:39
ORD1132,Product B,7,D1,Picked,2025-03-24 16:41:40
ORD1133,Product A,15,G1,Shipped,2025-03-24 16:41:41
ORD1134,Product A,23,C1,Picked,2025-03-24 16:41:42
ORD1135,Product E,20,C1,Picked,2025-03-24 16:41:43
ORD1136,Product C,28,G1,Shipped,2025-03-24 16:41:44
ORD1137,Product D,18,D1,Returned,2025-03-24 16:41:45
ORD1138,Product E,43,B1,Packed,2025-03-24 16:41:46
ORD1139,Product A,4,B1,Shipped,2025-03-24 16:41:47
ORD1140,Product A,44,G1,Shipped,2025-03-24 16:41:48
ORD1141,Product A,45,A1,Shipped,2025-03-24 16:41:49
ORD1142,Product E,14,H1,Returned,2025-03-24 16:41:50
ORD1143,Product D,40,C1,Picked,2025-03-24 16:41:51
ORD1144,Product C,20,C1,Returned,2025-03-24 16:41:52
ORD1145,Product E,11,C1,Packed,2025-03-24 16:41:53
ORD1146,Product C,1,D1,Picked,2025-03-24 16:41:54
ORD1147,Product E,25,D1,Returned,2025-03-24 16:41:55
ORD1148,Product C,15,H1,Picked,2025-03-24 16:41:56
ORD1149,Product D,9,E1,Picked,2025-03-24 16:41:57
ORD1150,Product E,20,G1,Shipped,2025-03-24 16:41:58
ORD1151,Product B,49,C1,Picked,2025-03-24 16:41:59
ORD1152,Product E,32,A1,Returned,2025-03-24 16:42:00
ORD1153,Product B,49,G1,Shipped,2025-03-24 16:42:01
ORD1154,Product C,15,D1,Picked,2025-03-24 16:42:02
ORD1155,Product B,10,E1,Returned,2025-03-24 16:42:03
ORD1156,Product D,44,H1,Packed,2025-03-24 16:42:04
ORD1157,Product B,42,B1,Returned,2025-03-24 16:42:05
ORD1158,Product B,43,G1,Picked,2025-03-24 16:42:06
ORD1159,Product C,27,D1,Shipped,2025-03-24 16:42:07
ORD1160,Product E,32,F1,Returned,2025-03-24 16:42:08
ORD1161,Product B,40,C1,Packed,2025-03-24 16:42:09
ORD1162,Product C,30,E1,Returned,2025-03-24 16:42:10
ORD1163,Product E,17,C1,Shipped,2025-03-24 16:42:11
ORD1164,Product C,32,B1,Picked,2025-03-24 16:42:12
ORD1165,Product C,25,E1,Shipped,2025-03-24 16:42:13
ORD1166,Product D,18,E1,Returned,2025-03-24 16:42:14
ORD1167,Product E,10,E1,Picked,2025-03-24 16:42:15
ORD1168,Product E,47,D1,Packed,2025-03-24 16:42:16
ORD1169,Product C,2,G1,Returned,2025-03-24 16:42:17
ORD1170,Product D,40,C1,Shipped,2025-03-24 16:42:18
ORD1171,Product E,28,F1,Returned,2025-03-24 16:42:19
ORD1172,Product D,42,E1,Picked,2025-03-24 16:42:20
ORD1173,Product E,42,E1,Shipped,2025-03-24 16:42:21
ORD1174,Product C,10,D1,Picked,2025-03-24 16:42:22
ORD1175,Product A,12,C1,Shipped,2025-03-24 16:42:23
ORD1176,Product B,16,D1,Packed,2025-03-24 16:42:24
ORD1177,Product E,48,D1,Returned,2025-03-24 16:42:25
ORD1178,Product D,22,A1,Returned,2025-03-24 16:42:26
ORD1179,Product D,20,A1,Returned,2025-03-24 16:42:27
ORD1180,Product A,16,A1,Shipped,2025-03-24 16:42:28
ORD1181,Product D,37,A1,Packed,2025-03-24 16:42:29
ORD1182,Product A,32,H1,Returned,2025-03-24 16:42:30
ORD1183,Product E,44,G1,Picked,2025-03-24 16:42:31
ORD1184,Product E,48,C1,Returned,2025-03-24 16:42:32
ORD1185,Product A,36,B1,Shipped,2025-03-24 16:42:33
ORD1186,Product E,26,F1,Returned,2025-03-24 16:42:34
ORD1187,Product A,22,B1,Returned,2025-03-24 16:42:35
ORD1188,Product D,42,A1,Shipped,2025-03-24 16:42:36
ORD1189,Product C,10,F1,Shipped,2025-03-24 16:42:37
ORD1190,Product D,19,F1,Picked,2025-03-24 16:42:38
ORD1191,Product B,18,D1,Returned,2025-03-24 16:42:39
ORD1192,Product D,24,D1,Shipped,2025-03-24 16:42:40
ORD1193,Product A,2,B1,Returned,2025-03-24 16:42:41
ORD1194,Product E,4,F1,Packed,2025-03-24 16:42:42
ORD1195,Product E,12,B1,Shipped,2025-03-24 16:42:43
ORD1196,Product D,21,A1,Shipped,2025-03-24 16:42:44
ORD1197,Product C,40,G1,Returned,2025-03-24 16:42:45
ORD1198,Product D,47,B1,Packed,2025-03-24 16:42:46
ORD1199,Product D,22,E1,Picked,2025-03-24 16:42:47
ORD1200,Product B,8,E1,Packed,2025-03-24 16:42:48
ORD1201,Product B,4,E1,Shipped,2025-03-24 16:42:49
ORD1202,Product A,44,H1,Returned,2025-03-24 16:42:50
ORD1203,Product A,40,G1,Packed,2025-03-24 16:42:51
ORD1204,Product C,20,H1,Picked,2025-03-24 16:42:52
ORD1205,Product E,4,G1,Returned,2025-03-24 16:42:53
ORD1206,Product B,32,A1,Picked,2025-03-24 16:42:54
ORD1207,Product E,7,H1,Returned,2025-03-24 16:42:55
ORD1208,Product D,13,B1,Shipped,2025-03-24 16:42:56
ORD1209,Product C,37,H1,Shipped,2025-03-24 16:42:57
ORD1210,Product D,4,G1,Packed,2025-03-24 16:42:58
ORD1211,Product A,24,C1,Picked,2025-03-24 16:42:59
ORD1212,Product E,25,H1,Returned,2025-03-24 16:43:00
ORD1213,Product C,1,C1,Returned,2025-03-24 16:43:01
ORD1214,Product B,42,B1,Packed,2025-03-24 16:43:02
ORD1215,Product B,9,E1,Returned,2025-03-24 16:43:03
ORD1216,Product D,22,G1,Packed,2025-03-24 16:43:04
ORD1217,Product A,6,F1,Shipped,2025-03-24 16:43:05
ORD1218,Product E,45,C1,Packed,2025-03-24 16:43:06
ORD1219,Product B,1,E1,Returned,2025-03-24 16:43:07
ORD1220,Product B,29,A1,Shipped,2025-03-24 16:43:08
ORD1221,Product D,19,A1,Returned,2025-03-24 16:43:09
ORD1222,Product D,35,E1,Picked,2025-03-24 16:43:10
ORD1223,Product E,42,H1,Picked,2025-03-24 16:43:11
ORD1224,Product E,5,E1,Shipped,2025-03-24 16:43:12
ORD1225,Product A,28,F1,Returned,2025-03-24 16:43:13
ORD1226,Product A,47,D1,Shipped,2025-03-24 16:43:14
ORD1227,Product B,13,E1,Picked,2025-03-24 16:43:15
ORD1228,Product E,46,D1,Shipped,2025-03-24 16:43:16
ORD1229,Product A,10,G1,Shipped,2025-03-24 16:43:17
ORD1230,Product E,31,G1,Picked,2025-03-24 16:43:18
ORD1231,Product A,15,A1,Picked,2025-03-24 16:43:19
ORD1232,Product A,13,B1,Packed,2025-03-24 16:43:20
ORD1233,Product B,32,D1,Packed,2025-03-24 16:43:21
ORD1234,Product D,31,G1,Returned,2025-03-24 16:43:22
ORD1235,Product A,46,F1,Packed,2025-03-24 16:43:23
ORD1236,Product C,42,E1,Picked,2025-03-24 16:43:24
ORD1237,Product B,45,F1,Picked,2025-03-24 16:43:25
ORD1238,Product E,40,B1,Returned,2025-03-24 16:43:26
ORD1239,Product A,2,C1,Packed,2025-03-24 16:43:27
ORD1240,Product E,15,B1,Returned,2025-03-24 16:43:28
ORD1241,Product C,20,A1,Picked,2025-03-24 16:43:29
ORD1242,Product A,43,B1,Shipped,2025-03-24 16:43:30
ORD1243,Product B,30,F1,Picked,2025-03-24 16:43:31
ORD1244,Product C,41,E1,Returned,2025-03-24 16:43:32
ORD1245,Product D,35,C1,Shipped,2025-03-24 16:43:33
ORD1246,Product E,33,H1,Picked,2025-03-24 16:43:34
ORD1247,Product C,26,D1,Picked,2025-03-24 16:43:35
ORD1248,Product B,5,G1,Shipped,2025-03-24 16:43:36
ORD1249,Product A,4,C1,Returned,2025-03-24 16:43:37
ORD1250,Product D,32,F1,Shipped,2025-03-24 16:43:38
ORD1251,Product B,23,H1,Picked,2025-03-24 16:43:39
ORD1252,Product B,2,D1,Picked,2025-03-24 16:43:40
ORD1253,Product D,5,C1,Shipped,2025-03-24 16:43:41
ORD1254,Product E,4,F1,Returned,2025-03-24 16:43:42
ORD1255,Product C,38,A1,Packed,2025-03-24 16:43:43
ORD1256,Product D,45,A1,Returned,2025-03-24 16:43:44
ORD1257,Product C,44,C1,Shipped,2025-03-24 16:43:45
ORD1258,Product E,27,G1,Shipped,2025-03-24 16:43:46
ORD1259,Product D,28,D1,Returned,2025-03-24 16:43:47
ORD1260,Product E,9,B1,Returned,2025-03-24 16:43:48
ORD1261,Product E,17,C1,Picked,2025-03-24 16:43:49
ORD1262,Product B,7,C1,Shipped,2025-03-24 16:43:50
ORD1263,Product C,23,E1,Shipped,2025-03-24 16:43:51
ORD1264,Product B,31,A1,Returned,2025-03-24 16:43:52
ORD1265,Product C,50,E1,Picked,2025-03-24 16:43:53
ORD1266,Product A,23,G1,Picked,2025-03-24 16:43:54
ORD1267,Product D,44,H1,Returned,2025-03-24 16:43:55
ORD1268,Product E,47,B1,Picked,2025-03-24 16:43:56
ORD1269,Product E,7,E1,Picked,2025-03-24 16:43:57
ORD1270,Product D,3,G1,Shipped,2025-03-24 16:43:58
ORD1271,Product D,5,B1,Shipped,2025-03-24 16:43:59
ORD1272,Product B,12,C1,Packed,2025-03-24 16:44:00
ORD1273,Product A,21,B1,Shipped,2025-03-24 16:44:01
ORD1274,Product C,20,D1,Picked,2025-03-24 16:44:02
ORD1275,Product B,17,A1,Picked,2025-03-24 16:44:03
ORD1276,Product D,24,G1,Packed,2025-03-24 16:44:04
ORD1277,Product D,44,A1,Packed,2025-03-24 16:44:05
ORD1278,Product C,5,G1,Packed,2025-03-24 16:44:06
ORD1279,Product D,40,B1,Shipped,2025-03-24 16:44:07
ORD1280,Product A,15,G1,Shipped,2025-03-24 16:44:08
ORD1281,Product E,38,C1,Returned,2025-03-24 16:44:09
ORD1282,Product D,7,G1,Picked,2025-03-24 16:44:10
ORD1283,Product C,4,E1,Packed,2025-03-24 16:44:11
ORD1284,Product A,45,A1,Returned,2025-03-24 16:44:12
ORD1285,Product B,36,B1,Returned,2025-03-24 16:44:13
ORD1286,Product C,11,D1,Returned,2025-03-24 16:44:14
ORD1287,Product A,5,D1,Shipped,2025-03-24 16:44:15
ORD1288,Product C,10,H1,Picked,2025-03-24 16:44:16
ORD1289,Product C,31,C1,Picked,2025-03-24 16:44:17
ORD1290,Product D,4,H1,Picked,2025-03-24 16:44:18
ORD1291,Product B,38,G1,Shipped,2025-03-24 16:44:19
ORD1292,Product C,25,E1,Packed,2025-03-24 16:44:20
ORD1293,Product D,14,B1,Packed,2025-03-24 16:44:21
ORD1294,Product D,14,D1,Returned,2025-03-24 16:44:22
ORD1295,Product E,18,H1,Returned,2025-03-24 16:44:23
ORD1296,Product E,8,E1,Picked,2025-03-24 16:44:24
ORD1297,Product D,27,A1,Shipped,2025-03-24 16:44:25
ORD1298,Product E,34,D1,Packed,2025-03-24 16:44:26
ORD1299,Product A,4,H1,Shipped,2025-03-24 16:44:27
ORD1300,Product A,16,G1,Picked,2025-03-24 16:44:28
ORD1301,Product D,7,F1,Shipped,2025-03-24 16:44:29
ORD1302,Product A,27,E1,Shipped,2025-03-24 16:44:30
ORD1303,Product C,4,A1,Returned,2025-03-24 16:44:31
ORD1304,Product A,4,H1,Packed,2025-03-24 16:44:32
ORD1305,Product E,15,D1,Shipped,2025-03-24 16:44:33
ORD1306,Product E,41,A1,Shipped,2025-03-24 16:44:34
ORD1307,Product A,10,C1,Shipped,2025-03-24 16:44:35
ORD1308,Product C,32,A1,Shipped,2025-03-24 16:44:36
ORD1309,Product D,31,D1,Packed,2025-03-24 16:44:37
ORD1310,Product D,40,E1,Returned,2025-03-24 16:44:38
ORD1311,Product A,29,G1,Packed,2025-03-24 16:44:39
ORD1312,Product C,44,B1,Returned,2025-03-24 16:44:40
ORD1313,Product C,23,C1,Packed,2025-03-24 16:44:41
ORD1314,Product E,22,A1,Picked,2025-03-24 16:44:42
ORD1315,Product A,18,F1,Picked,2025-03-24 16:44:43
ORD1316,Product A,33,F1,Picked,2025-03-24 16:44:44
ORD1317,Product D,4,F1,Packed,2025-03-24 16:44:45
ORD1318,Product D,10,A1,Packed,2025-03-24 16:44:46
ORD1319,Product A,15,G1,Returned,2025-03-24 16:44:47
ORD1320,Product E,42,A1,Returned,2025-03-24 16:44:48
ORD1321,Product C,24,F1,Packed,2025-03-24 16:44:49
ORD1322,Product C,29,E1,Shipped,2025-03-24 16:44:50
ORD1323,Product B,45,A1,Picked,2025-03-24 16:44:51
ORD1324,Product C,5,D1,Shipped,2025-03-24 16:44:52
ORD1325,Product D,17,F1,Picked,2025-03-24 16:44:53
ORD1326,Product B,19,C1,Shipped,2025-03-24 16:44:54
ORD1327,Product C,37,H1,Shipped,2025-03-24 16:44:55
ORD1328,Product E,12,G1,Returned,2025-03-24 16:44:56
ORD1329,Product B,26,B1,Shipped,2025-03-24 16:44:57
ORD1330,Product A,32,C1,Shipped,2025-03-24 16:44:58
ORD1331,Product A,18,F1,Returned,2025-03-24 16:44:59
ORD1332,Product A,25,C1,Shipped,2025-03-24 16:45:00
ORD1333,Product B,50,E1,Shipped,2025-03-24 16:45:01
ORD1334,Product B,39,F1,Picked,2025-03-24 16:45:02
ORD1335,Product A,10,B1,Picked,2025-03-24 16:45:03
ORD1336,Product A,19,D1,Picked,2025-03-24 16:45:04
ORD1337,Product E,28,B1,Picked,2025-03-24 16:45:05
ORD1338,Product D,29,C1,Packed,2025-03-24 16:45:06
ORD1339,Product B,46,A1,Picked,2025-03-24 16:45:07
ORD1340,Product C,25,A1,Packed,2025-03-24 16:45:08
ORD1341,Product E,1,D1,Picked,2025-03-24 16:45:09
ORD1342,Product D,28,F1,Packed,2025-03-24 16:45:10
ORD1343,Product B,13,G1,Picked,2025-03-24 16:45:11
ORD1344,Product A,31,G1,Packed,2025-03-24 16:45:12
ORD1345,Product B,36,F1,Shipped,2025-03-24 16:45:13
ORD1346,Product E,5,F1,Picked,2025-03-24 16:45:14
ORD1347,Product B,7,A1,Packed,2025-03-24 16:45:15
ORD1348,Product E,42,E1,Picked,2025-03-24 16:45:16
ORD1349,Product C,26,B1,Shipped,2025-03-24 16:45:17
ORD1350,Product A,11,G1,Packed,2025-03-24 16:45:18
ORD1351,Product C,48,A1,Packed,2025-03-24 16:45:19
ORD1352,Product C,46,F1,Packed,2025-03-24 16:45:20
ORD1353,Product B,47,H1,Packed,2025-03-24 16:45:21
ORD1354,Product C,37,A1,Shipped,2025-03-24 16:45:22
ORD1355,Product B,46,C1,Packed,2025-03-24 16:45:23
ORD1356,Product E,6,H1,Picked,2025-03-24 16:45:24
ORD1357,Product B,47,G1,Shipped,2025-03-24 16:45:25
ORD1358,Product B,8,A1,Picked,2025-03-24 16:45:26
ORD1359,Product E,8,D1,Shipped,2025-03-24 16:45:27
ORD1360,Product B,30,E1,Picked,2025-03-24 16:45:28
ORD1361,Product D,45,B1,Returned,2025-03-24 16:45:29
ORD1362,Product C,4,B1,Packed,2025-03-24 16:45:30
ORD1363,Product E,29,G1,Returned,2025-03-24 16:45:31
ORD1364,Product B,16,D1,Picked,2025-03-24 16:45:32
ORD1365,Product B,17,E1,Shipped,2025-03-24 16:45:33
ORD1366,Product D,42,B1,Picked,2025-03-24 16:45:34
ORD1367,Product D,4,G1,Returned,2025-03-24 16:45:35
ORD1368,Product B,48,G1,Returned,2025-03-24 16:45:36
ORD1369,Product C,35,F1,Packed,2025-03-24 16:45:37
ORD1370,Product C,39,F1,Packed,2025-03-24 16:45:38
ORD1371,Product D,3,A1,Picked,2025-03-24 16:45:39
ORD1372,Product E,8,B1,Packed,2025-03-24 16:45:40
ORD1373,Product B,6,E1,Packed,2025-03-24 16:45:41
ORD1374,Product C,18,A1,Packed,2025-03-24 16:45:42
ORD1375,Product C,21,A1,Shipped,2025-03-24 16:45:43
ORD1376,Product A,33,B1,Returned,2025-03-24 16:45:44
ORD1377,Product D,9,C1,Returned,2025-03-24 16:45:45
ORD1378,Product A,12,G1,Shipped,2025-03-24 16:45:46
ORD1379,Product C,38,F1,Packed,2025-03-24 16:45:47
ORD1380,Product C,7,B1,Shipped,2025-03-24 16:45:48
ORD1381,Product D,24,C1,Picked,2025-03-24 16:45:49
ORD1382,Product C,26,F1,Returned,2025-03-24 16:45:50
ORD1383,Product D,17,B1,Picked,2025-03-24 16:45:51
ORD1384,Product D,15,H1,Packed,2025-03-24 16:45:52
ORD1385,Product C,11,C1,Returned,2025-03-24 16:45:53
ORD1386,Product D,49,H1,Picked,2025-03-24 16:45:54
ORD1387,Product C,33,B1,Shipped,2025-03-24 16:45:55
ORD1388,Product B,33,C1,Picked,2025-03-24 16:45:56
ORD1389,Product D,24,C1,Returned,2025-03-24 16:45:57
ORD1390,Product D,25,E1,Shipped,2025-03-24 16:45:58
ORD1391,Product D,34,H1,Packed,2025-03-24 16:45:59
ORD1392,Product D,38,E1,Packed,2025-03-24 16:46:00
ORD1393,Product B,8,B1,Shipped,2025-03-24 16:46:01
ORD1394,Product C,15,C1,Returned,2025-03-24 16:46:02
ORD1395,Product B,50,B1,Picked,2025-03-24 16:46:03
ORD1396,Product B,6,A1,Returned,2025-03-24 16:46:04
ORD1397,Product C,44,G1,Returned,2025-03-24 16:46:05
ORD1398,Product B,21,F1,Returned,2025-03-24 16:46:06
ORD1399,Product D,25,E1,Returned,2025-03-24 16:46:07
ORD1400,Product A,3,C1,Picked,2025-03-24 16:46:08
ORD1401,Product C,50,G1,Shipped,2025-03-24 16:46:09
ORD1402,Product D,50,A1,Picked,2025-03-24 16:46:10
ORD1403,Product D,25,B1,Packed,2025-03-24 16:46:11
ORD1404,Product E,35,G1,Shipped,2025-03-24 16:46:12
ORD1405,Product D,43,H1,Shipped,2025-03-24 16:46:13
ORD1406,Product B,33,E1,Picked,2025-03-24 16:46:14
ORD1407,Product B,28,F1,Shipped,2025-03-24 16:46:15
ORD1408,Product E,29,D1,Shipped,2025-03-24 16:46:16
ORD1409,Product D,15,G1,Packed,2025-03-24 16:46:17
ORD1410,Product C,19,H1,Shipped,2025-03-24 16:46:18
ORD1411,Product A,4,F1,Shipped,2025-03-24 16:46:19
ORD1412,Product D,25,F1,Packed,2025-03-24 16:46:20
ORD1413,Product B,33,E1,Packed,2025-03-24 16:46:21
ORD1414,Product A,14,G1,Picked,2025-03-24 16:46:22
ORD1415,Product B,41,H1,Shipped,2025-03-24 16:46:23
ORD1416,Product E,36,G1,Picked,2025-03-24 16:46:24
ORD1417,Product E,31,G1,Picked,2025-03-24 16:46:25
ORD1418,Product B,11,A1,Shipped,2025-03-24 16:46:26
ORD1419,Product A,29,A1,Packed,2025-03-24 16:46:27
ORD1420,Product B,43,H1,Returned,2025-03-24 16:46:28
ORD1421,Product B,36,F1,Returned,2025-03-24 16:46:29
ORD1422,Product B,36,C1,Picked,2025-03-24 16:46:30
ORD1423,Product E,27,A1,Shipped,2025-03-24 16:46:31
ORD1424,Product B,35,F1,Shipped,2025-03-24 16:46:32
ORD1425,Product A,8,D1,Shipped,2025-03-24 16:46:33
ORD1426,Product A,19,E1,Shipped,2025-03-24 16:46:34
ORD1427,Product B,9,F1,Picked,2025-03-24 16:46:35
ORD1428,Product A,15,E1,Packed,2025-03-24 16:46:36
ORD1429,Product D,41,G1,Picked,2025-03-24 16:46:37
ORD1430,Product E,49,A1,Returned,2025-03-24 16:46:38
ORD1431,Product C,14,F1,Packed,2025-03-24 16:46:39
ORD1432,Product C,10,A1,Packed,2025-03-24 16:46:40
ORD1433,Product D,41,E1,Returned,2025-03-24 16:46:41
ORD1434,Product E,19,A1,Returned,2025-03-24 16:46:42
ORD1435,Product A,43,F1,Shipped,2025-03-24 16:46:43
ORD1436,Product A,31,D1,Picked,2025-03-24 16:46:44
ORD1437,Product A,9,A1,Returned,2025-03-24 16:46:45
ORD1438,Product D,30,F1,Packed,2025-03-24 16:46:46
ORD1439,Product C,2,C1,Shipped,2025-03-24 16:46:47
ORD1440,Product D,47,D1,Returned,2025-03-24 16:46:48
ORD1441,Product A,43,D1,Shipped,2025-03-24 16:46:49
ORD1442,Product C,20,E1,Returned,2025-03-24 16:46:50
ORD1443,Product B,6,F1,Returned,2025-03-24 16:46:51
ORD1444,Product D,28,G1,Packed,2025-03-24 16:46:52
ORD1445,Product C,27,A1,Returned,2025-03-24 16:46:53
ORD1446,Product E,21,C1,Returned,2025-03-24 16:46:54
ORD1447,Product D,26,D1,Shipped,2025-03-24 16:46:55
ORD1448,Product C,48,D1,Packed,2025-03-24 16:46:56
ORD1449,Product A,28,B1,Packed,2025-03-24 16:46:57
ORD1450,Product D,23,A1,Packed,2025-03-24 16:46:58
ORD1451,Product B,9,D1,Shipped,2025-03-24 16:46:59
ORD1452,Product A,37,B1,Returned,2025-03-24 16:47:00
ORD1453,Product C,27,H1,Picked,2025-03-24 16:47:01
ORD1454,Product E,29,E1,Picked,2025-03-24 16:47:02
ORD1455,Product A,3,A1,Shipped,2025-03-24 16:47:03
ORD1456,Product A,7,C1,Packed,2025-03-24 16:47:04
ORD1457,Product B,32,H1,Shipped,2025-03-24 16:47:05
ORD1458,Product C,38,E1,Returned,2025-03-24 16:47:06
ORD1459,Product D,48,B1,Returned,2025-03-24 16:47:07
ORD1460,Product B,5,H1,Packed,2025-03-24 16:47:08
ORD1461,Product B,9,E1,Packed,2025-03-24 16:47:09
ORD1462,Product D,49,G1,Picked,2025-03-24 16:47:10
ORD1463,Product D,11,G1,Returned,2025-03-24 16:47:11
ORD1464,Product D,49,H1,Returned,2025-03-24 16:47:12
ORD1465,Product C,38,E1,Returned,2025-03-24 16:47:13
ORD1466,Product A,41,G1,Returned,2025-03-24 16:47:14
ORD1467,Product C,50,D1,Returned,2025-03-24 16:47:15
ORD1468,Product A,42,C1,Picked,2025-03-24 16:47:16
ORD1469,Product A,7,F1,Shipped,2025-03-24 16:47:17
ORD1470,Product C,47,G1,Returned,2025-03-24 16:47:18
ORD1471,Product C,4,F1,Packed,2025-03-24 16:47:19
ORD1472,Product A,23,H1,Picked,2025-03-24 16:47:20
ORD1473,Product E,48,G1,Picked,2025-03-24 16:47:21
ORD1474,Product E,19,A1,Shipped,2025-03-24 16:47:22
ORD1475,Product B,10,A1,Picked,2025-03-24 16:47:23
ORD1476,Product C,15,H1,Shipped,2025-03-24 16:47:24
ORD1477,Product A,42,G1,Shipped,2025-03-24 16:47:25
ORD1478,Product B,36,A1,Packed,2025-03-24 16:47:26
ORD1479,Product E,33,E1,Returned,2025-03-24 16:47:27
ORD1480,Product C,29,E1,Picked,2025-03-24 16:47:28
ORD1481,Product C,50,G1,Returned,2025-03-24 16:47:29
ORD1482,Product D,16,D1,Packed,2025-03-24 16:47:30
ORD1483,Product E,5,B1,Packed,2025-03-24 16:47:31
ORD1484,Product B,35,G1,Returned,2025-03-24 16:47:32
ORD1485,Product E,41,E1,Shipped,2025-03-24 16:47:33
ORD1486,Product D,39,E1,Packed,2025-03-24 16:47:34
ORD1487,Product B,8,F1,Returned,2025-03-24 16:47:35
ORD1488,Product B,26,E1,Shipped,2025-03-24 16:47:36
ORD1489,Product B,13,H1,Returned,2025-03-24 16:47:37
ORD1490,Product E,25,E1,Packed,2025-03-24 16:47:38
ORD1491,Product B,45,C1,Packed,2025-03-24 16:47:39
ORD1492,Product E,26,A1,Picked,2025-03-24 16:47:40
ORD1493,Product A,49,G1,Packed,2025-03-24 16:47:41
ORD1494,Product B,33,F1,Returned,2025-03-24 16:47:42
ORD1495,Product D,39,H1,Shipped,2025-03-24 16:47:43
ORD1496,Product E,41,G1,Picked,2025-03-24 16:47:44
ORD1497,Product D,28,A1,Picked,2025-03-24 16:47:45
ORD1498,Product E,9,C1,Packed,2025-03-24 16:47:46
ORD1499,Product C,11,G1,Shipped,2025-03-24 16:47:47
ORD1500,Product D,42,H1,Picked,2025-03-24 16:47:48
ORD1501,Product E,35,C1,Packed,2025-03-24 16:47:49
ORD1502,Product E,34,H1,Picked,2025-03-24 16:47:50
ORD1503,Product A,13,G1,Picked,2025-03-24 16:47:51
ORD1504,Product B,33,A1,Packed,2025-03-24 16:47:52
ORD1505,Product E,21,F1,Returned,2025-03-24 16:47:53
ORD1506,Product B,2,G1,Picked,2025-03-24 16:47:54
ORD1507,Product E,21,B1,Shipped,2025-03-24 16:47:55
ORD1508,Product D,32,B1,Shipped,2025-03-24 16:47:56
ORD1509,Product E,33,H1,Shipped,2025-03-24 16:47:57
ORD1510,Product B,18,D1,Picked,2025-03-24 16:47:58
ORD1511,Product C,17,E1,Picked,2025-03-24 16:47:59
ORD1512,Product E,35,H1,Picked,2025-03-24 16:48:00
ORD1513,Product B,48,C1,Packed,2025-03-24 16:48:01
ORD1514,Product C,25,D1,Returned,2025-03-24 16:48:02
ORD1515,Product E,17,D1,Picked,2025-03-24 16:48:03
ORD1516,Product A,37,H1,Packed,2025-03-24 16:48:04
ORD1517,Product B,7,G1,Returned,2025-03-24 16:48:05
ORD1518,Product D,29,B1,Returned,2025-03-24 16:48:06
ORD1519,Product A,19,A1,Picked,2025-03-24 16:48:07
ORD1520,Product A,13,F1,Packed,2025-03-24 16:48:08
ORD1521,Product D,23,D1,Picked,2025-03-24 16:48:09
ORD1522,Product E,42,A1,Shipped,2025-03-24 16:48:10
ORD1523,Product B,7,G1,Shipped,2025-03-24 16:48:11
ORD1524,Product D,19,C1,Shipped,2025-03-24 16:48:12
ORD1525,Product A,48,E1,Packed,2025-03-24 16:48:13
ORD1526,Product A,38,C1,Shipped,2025-03-24 16:48:14
ORD1527,Product D,29,F1,Returned,2025-03-24 16:48:15
ORD1528,Product A,31,A1,Shipped,2025-03-24 16:48:16
ORD1529,Product B,45,G1,Returned,2025-03-24 16:48:17
ORD1530,Product E,24,F1,Returned,2025-03-24 16:48:18
ORD1531,Product E,1,F1,Packed,2025-03-24 16:48:19
ORD1532,Product E,34,G1,Packed,2025-03-24 16:48:20
ORD1533,Product C,34,C1,Picked,2025-03-24 16:48:21
ORD1534,Product A,40,A1,Packed,2025-03-24 16:48:22
ORD1535,Product E,12,H1,Shipped,2025-03-24 16:48:23
ORD1536,Product D,30,A1,Packed,2025-03-24 16:48:24
ORD1537,Product E,17,F1,Returned,2025-03-24 16:48:25
ORD1538,Product E,45,B1,Packed,2025-03-24 16:48:26
ORD1539,Product D,12,A1,Picked,2025-03-24 16:48:27
ORD1540,Product C,10,E1,Picked,2025-03-24 16:48:28
ORD1541,Product B,28,G1,Packed,2025-03-24 16:48:29
ORD1542,Product E,11,D1,Packed,2025-03-24 16:48:30
ORD1543,Product A,26,H1,Shipped,2025-03-24 16:48:31
ORD1544,Product B,16,F1,Shipped,2025-03-24 16:48:32
ORD1545,Product D,25,H1,Returned,2025-03-24 16:48:33
ORD1546,Product E,18,H1,Packed,2025-03-24 16:48:34
ORD1547,Product D,42,D1,Shipped,2025-03-24 16:48:35
ORD1548,Product D,36,B1,Packed,2025-03-24 16:48:36
ORD1549,Product E,5,H1,Picked,2025-03-24 16:48:37
ORD1550,Product E,3,E1,Shipped,2025-03-24 16:48:38
ORD1551,Product D,6,H1,Picked,2025-03-24 16:48:39
ORD1552,Product C,21,A1,Picked,2025-03-24 16:48:40
ORD1553,Product B,38,C1,Packed,2025-03-24 16:48:41
ORD1554,Product C,48,D1,Packed,2025-03-24 16:48:42
ORD1555,Product D,18,E1,Returned,2025-03-24 16:48:43
ORD1556,Product E,9,A1,Returned,2025-03-24 16:48:44
ORD1557,Product B,11,F1,Shipped,2025-03-24 16:48:45
ORD1558,Product A,48,D1,Returned,2025-03-24 16:48:46
ORD1559,Product A,48,H1,Packed,2025-03-24 16:48:47
ORD1560,Product C,49,C1,Returned,2025-03-24 16:48:48
ORD1561,Product D,47,H1,Picked,2025-03-24 16:48:49
ORD1562,Product D,42,C1,Packed,2025-03-24 16:48:50
ORD1563,Product C,14,B1,Returned,2025-03-24 16:48:51
ORD1564,Product D,29,A1,Picked,2025-03-24 16:48:52
ORD1565,Product D,44,B1,Packed,2025-03-24 16:48:53
ORD1566,Product B,10,C1,Picked,2025-03-24 16:48:54
ORD1567,Product E,43,E1,Returned,2025-03-24 16:48:55
ORD1568,Product E,27,F1,Returned,2025-03-24 16:48:56
ORD1569,Product A,41,A1,Packed,2025-03-24 16:48:57
ORD1570,Product B,16,D1,Packed,2025-03-24 16:48:58
ORD1571,Product A,45,E1,Picked,2025-03-24 16:48:59
ORD1572,Product D,39,E1,Returned,2025-03-24 16:49:00
ORD1573,Product B,41,E1,Shipped,2025-03-24 16:49:01
ORD1574,Product A,21,E1,Returned,2025-03-24 16:49:02
ORD1575,Product B,7,A1,Picked,2025-03-24 16:49:03
ORD1576,Product B,36,H1,Shipped,2025-03-24 16:49:04
ORD1577,Product A,43,G1,Returned,2025-03-24 16:49:05
ORD1578,Product A,21,B1,Picked,2025-03-24 16:49:06
ORD1579,Product B,43,B1,Shipped,2025-03-24 16:49:07
ORD1580,Product A,41,B1,Shipped,2025-03-24 16:49:08
ORD1581,Product E,25,E1,Packed,2025-03-24 16:49:09
ORD1582,Product B,30,A1,Picked,2025-03-24 16:49:10
ORD1583,Product A,26,A1,Packed,2025-03-24 16:49:11
ORD1584,Product C,40,H1,Returned,2025-03-24 16:49:12
ORD1585,Product B,47,B1,Packed,2025-03-24 16:49:13
ORD1586,Product D,39,F1,Packed,2025-03-24 16:49:14
ORD1587,Product A,49,H1,Returned,2025-03-24 16:49:15
ORD1588,Product B,12,H1,Shipped,2025-03-24 16:49:16
ORD1589,Product A,42,F1,Picked,2025-03-24 16:49:17
ORD1590,Product E,7,E1,Picked,2025-03-24 16:49:18
ORD1591,Product E,15,G1,Returned,2025-03-24 16:49:19
ORD1592,Product E,10,E1,Returned,2025-03-24 16:49:20
ORD1593,Product B,15,D1,Shipped,2025-03-24 16:49:21
ORD1594,Product C,13,F1,Returned,2025-03-24 16:49:22
ORD1595,Product A,50,G1,Packed,2025-03-24 16:49:23
ORD1596,Product D,14,G1,Picked,2025-03-24 16:49:24
ORD1597,Product B,33,B1,Returned,2025-03-24 16:49:25
ORD1598,Product A,27,F1,Picked,2025-03-24 16:49:26
ORD1599,Product D,30,B1,Returned,2025-03-24 16:49:27
ORD1600,Product D,18,E1,Returned,2025-03-24 16:49:28
ORD1601,Product B,2,C1,Shipped,2025-03-24 16:49:29
ORD1602,Product A,30,D1,Shipped,2025-03-24 16:49:30
ORD1603,Product B,50,C1,Shipped,2025-03-24 16:49:31
ORD1604,Product E,46,G1,Shipped,2025-03-24 16:49:32
ORD1605,Product C,39,E1,Shipped,2025-03-24 16:49:33
ORD1606,Product D,36,D1,Shipped,2025-03-24 16:49:34
ORD1607,Product A,16,B1,Packed,2025-03-24 16:49:35
ORD1608,Product B,6,B1,Picked,2025-03-24 16:49:36
ORD1609,Product A,8,A1,Packed,2025-03-24 16:49:37
ORD1610,Product A,19,E1,Returned,2025-03-24 16:49:38
ORD1611,Product E,48,G1,Shipped,2025-03-24 16:49:39
ORD1612,Product A,13,C1,Packed,2025-03-24 16:49:40
ORD1613,Product A,18,F1,Picked,2025-03-24 16:49:41
ORD1614,Product A,40,E1,Shipped,2025-03-24 16:49:42
ORD1615,Product E,37,F1,Picked,2025-03-24 16:49:43
ORD1616,Product A,14,G1,Returned,2025-03-24 16:49:44
ORD1617,Product A,21,E1,Packed,2025-03-24 16:49:45
ORD1618,Product E,38,D1,Returned,2025-03-24 16:49:46
ORD1619,Product B,2,E1,Picked,2025-03-24 16:49:47
ORD1620,Product C,37,H1,Picked,2025-03-24 16:49:48
ORD1621,Product A,1,A1,Shipped,2025-03-24 16:49:49
ORD1622,Product B,40,F1,Shipped,2025-03-24 16:49:50
ORD1623,Product A,21,A1,Shipped,2025-03-24 16:49:51
ORD1624,Product C,16,E1,Packed,2025-03-24 16:49:52
ORD1625,Product C,44,D1,Packed,2025-03-24 16:49:53
ORD1626,Product C,37,A1,Picked,2025-03-24 16:49:54
ORD1627,Product D,33,C1,Shipped,2025-03-24 16:49:55
ORD1628,Product E,33,B1,Packed,2025-03-24 16:49:56
ORD1629,Product D,28,E1,Picked,2025-03-24 16:49:57
ORD1630,Product E,7,C1,Packed,2025-03-24 16:49:58
ORD1631,Product D,5,A1,Shipped,2025-03-24 16:49:59
ORD1632,Product E,36,F1,Packed,2025-03-24 16:50:00
ORD1633,Product D,5,E1,Packed,2025-03-24 16:50:01
ORD1634,Product A,13,A1,Picked,2025-03-24 16:50:02
ORD1635,Product E,33,D1,Returned,2025-03-24 16:50:03
ORD1636,Product A,5,G1,Returned,2025-03-24 16:50:04
ORD1637,Product C,3,H1,Returned,2025-03-24 16:50:05
ORD1638,Product B,28,C1,Shipped,2025-03-24 16:50:06
ORD1639,Product A,13,G1,Picked,2025-03-24 16:50:07
ORD1640,Product E,41,B1,Packed,2025-03-24 16:50:08
ORD1641,Product E,4,F1,Returned,2025-03-24 16:50:09
ORD1642,Product E,33,H1,Returned,2025-03-24 16:50:10
ORD1643,Product E,35,E1,Picked,2025-03-24 16:50:11
ORD1644,Product A,48,B1,Packed,2025-03-24 16:50:12
ORD1645,Product A,5,G1,Picked,2025-03-24 16:50:13
ORD1646,Product D,35,H1,Shipped,2025-03-24 16:50:14
ORD1647,Product C,15,A1,Picked,2025-03-24 16:50:15
ORD1648,Product B,49,E1,Shipped,2025-03-24 16:50:16
ORD1649,Product A,34,A1,Shipped,2025-03-24 16:50:17
ORD1650,Product E,19,F1,Packed,2025-03-24 16:50:18
ORD1651,Product E,29,D1,Shipped,2025-03-24 16:50:19
ORD1652,Product A,41,E1,Packed,2025-03-24 16:50:20
ORD1653,Product A,16,F1,Returned,2025-03-24 16:50:21
ORD1654,Product E,20,C1,Shipped,2025-03-24 16:50:22
ORD1655,Product C,10,F1,Returned,2025-03-24 16:50:23
ORD1656,Product D,23,C1,Packed,2025-03-24 16:50:24
ORD1657,Product D,13,E1,Packed,2025-03-24 16:50:25
ORD1658,Product A,14,G1,Returned,2025-03-24 16:50:26
ORD1659,Product C,6,C1,Returned,2025-03-24 16:50:27
ORD1660,Product E,10,C1,Packed,2025-03-24 16:50:28
ORD1661,Product D,39,H1,Shipped,2025-03-24 16:50:29
ORD1662,Product A,2,B1,Shipped,2025-03-24 16:50:30
ORD1663,Product C,45,E1,Shipped,2025-03-24 16:50:31
ORD1664,Product D,15,F1,Picked,2025-03-24 16:50:32
ORD1665,Product B,14,G1,Returned,2025-03-24 16:50:33
ORD1666,Product A,24,G1,Picked,2025-03-24 16:50:34
ORD1667,Product A,36,B1,Packed,2025-03-24 16:50:35
ORD1668,Product E,48,G1,Picked,2025-03-24 16:50:36
ORD1669,Product D,30,B1,Returned,2025-03-24 16:50:37
ORD1670,Product A,12,F1,Packed,2025-03-24 16:50:38
ORD1671,Product E,43,F1,Packed,2025-03-24 16:50:39
ORD1672,Product E,8,H1,Packed,2025-03-24 16:50:40
ORD1673,Product B,34,A1,Picked,2025-03-24 16:50:41
ORD1674,Product B,18,G1,Returned,2025-03-24 16:50:42
ORD1675,Product D,10,G1,Packed,2025-03-24 16:50:43
ORD1676,Product A,4,D1,Picked,2025-03-24 16:50:44
ORD1677,Product A,17,C1,Shipped,2025-03-24 16:50:45
ORD1678,Product D,14,G1,Returned,2025-03-24 16:50:46
ORD1679,Product E,4,H1,Shipped,2025-03-24 16:50:47
ORD1680,Product E,25,B1,Returned,2025-03-24 16:50:48
ORD1681,Product B,20,F1,Picked,2025-03-24 16:50:49
ORD1682,Product B,6,D1,Returned,2025-03-24 16:50:50
ORD1683,Product B,47,D1,Packed,2025-03-24 16:50:51
ORD1684,Product A,23,F1,Shipped,2025-03-24 16:50:52
ORD1685,Product D,38,H1,Packed,2025-03-24 16:50:53
ORD1686,Product B,24,H1,Returned,2025-03-24 16:50:54
ORD1687,Product B,24,E1,Packed,2025-03-24 16:50:55
ORD1688,Product C,2,C1,Picked,2025-03-24 16:50:56
ORD1689,Product E,48,D1,Picked,2025-03-24 16:50:57
ORD1690,Product E,39,E1,Shipped,2025-03-24 16:50:58
ORD1691,Product B,22,F1,Picked,2025-03-24 16:50:59
ORD1692,Product B,15,G1,Picked,2025-03-24 16:51:00
ORD1693,Product E,48,E1,Picked,2025-03-24 16:51:01
ORD1694,Product C,49,C1,Shipped,2025-03-24 16:51:02
ORD1695,Product B,13,B1,Packed,2025-03-24 16:51:03
ORD1696,Product B,13,E1,Returned,2025-03-24 16:51:04
ORD1697,Product C,7,G1,Packed,2025-03-24 16:51:05
ORD1698,Product C,47,G1,Returned,2025-03-24 16:51:06
ORD1699,Product B,14,E1,Packed,2025-03-24 16:51:07
ORD1700,Product B,35,B1,Packed,2025-03-24 16:51:08
ORD1701,Product A,6,E1,Packed,2025-03-24 16:51:09
ORD1702,Product B,27,H1,Picked,2025-03-24 16:51:10
ORD1703,Product A,15,B1,Packed,2025-03-24 16:51:11
ORD1704,Product D,49,E1,Packed,2025-03-24 16:51:12
ORD1705,Product E,38,B1,Picked,2025-03-24 16:51:13
ORD1706,Product B,3,G1,Picked,2025-03-24 16:51:14
ORD1707,Product E,25,D1,Picked,2025-03-24 16:51:15
ORD1708,Product B,33,C1,Picked,2025-03-24 16:51:16
ORD1709,Product E,26,D1,Returned,2025-03-24 16:51:17
ORD1710,Product E,31,G1,Returned,2025-03-24 16:51:18
ORD1711,Product E,34,C1,Picked,2025-03-24 16:51:19
ORD1712,Product E,11,D1,Picked,2025-03-24 16:51:20
ORD1713,Product A,26,C1,Shipped,2025-03-24 16:51:21
ORD1714,Product E,49,C1,Packed,2025-03-24 16:51:22
ORD1715,Product B,43,H1,Picked,2025-03-24 16:51:23
ORD1716,Product C,27,H1,Shipped,2025-03-24 16:51:24
ORD1717,Product A,22,D1,Shipped,2025-03-24 16:51:25
ORD1718,Product A,17,D1,Shipped,2025-03-24 16:51:26
ORD1719,Product A,40,G1,Packed,2025-03-24 16:51:27
ORD1720,Product E,37,F1,Returned,2025-03-24 16:51:28
ORD1721,Product B,18,C1,Shipped,2025-03-24 16:51:29
ORD1722,Product B,16,E1,Returned,2025-03-24 16:51:30
ORD1723,Product E,34,B1,Returned,2025-03-24 16:51:31
ORD1724,Product E,18,H1,Returned,2025-03-24 16:51:32
ORD1725,Product D,28,A1,Picked,2025-03-24 16:51:33
ORD1726,Product B,8,F1,Returned,2025-03-24 16:51:34
ORD1727,Product E,12,H1,Shipped,2025-03-24 16:51:35
ORD1728,Product B,19,F1,Shipped,2025-03-24 16:51:36
ORD1729,Product E,1,D1,Returned,2025-03-24 16:51:37
ORD1730,Product C,39,H1,Picked,2025-03-24 16:51:38
ORD1731,Product C,32,C1,Returned,2025-03-24 16:51:39
ORD1732,Product B,23,G1,Returned,2025-03-24 16:51:40
ORD1733,Product C,23,A1,Packed,2025-03-24 16:51:41
ORD1734,Product A,40,B1,Returned,2025-03-24 16:51:42
ORD1735,Product A,46,D1,Picked,2025-03-24 16:51:43
ORD1736,Product C,45,F1,Shipped,2025-03-24 16:51:44
ORD1737,Product A,21,H1,Returned,2025-03-24 16:51:45
ORD1738,Product D,38,F1,Shipped,2025-03-24 16:51:46
ORD1739,Product D,33,C1,Shipped,2025-03-24 16:51:47
ORD1740,Product A,25,D1,Packed,2025-03-24 16:51:48
ORD1741,Product D,49,A1,Packed,2025-03-24 16:51:49
ORD1742,Product A,15,D1,Shipped,2025-03-24 16:51:50
ORD1743,Product C,37,C1,Packed,2025-03-24 16:51:51
ORD1744,Product C,47,B1,Returned,2025-03-24 16:51:52
ORD1745,Product D,33,C1,Packed,2025-03-24 16:51:53
ORD1746,Product B,4,A1,Picked,2025-03-24 16:51:54
ORD1747,Product A,9,H1,Picked,2025-03-24 16:51:55
ORD1748,Product E,33,D1,Packed,2025-03-24 16:51:56
ORD1749,Product A,13,A1,Shipped,2025-03-24 16:51:57
ORD1750,Product E,41,G1,Returned,2025-03-24 16:51:58
ORD1751,Product B,21,D1,Packed,2025-03-24 16:51:59
ORD1752,Product D,9,F1,Packed,2025-03-24 16:52:00
ORD1753,Product D,8,A1,Returned,2025-03-24 16:52:01
ORD1754,Product C,20,G1,Returned,2025-03-24 16:52:02
ORD1755,Product B,2,D1,Shipped,2025-03-24 16:52:03
ORD1756,Product A,44,B1,Shipped,2025-03-24 16:52:04
ORD1757,Product A,42,H1,Picked,2025-03-24 16:52:05
ORD1758,Product A,36,F1,Shipped,2025-03-24 16:52:06
ORD1759,Product D,37,A1,Shipped,2025-03-24 16:52:07
ORD1760,Product B,38,G1,Packed,2025-03-24 16:52:08
ORD1761,Product E,41,C1,Shipped,2025-03-24 16:52:09
ORD1762,Product E,42,D1,Packed,2025-03-24 16:52:10
ORD1763,Product D,37,C1,Returned,2025-03-24 16:52:11
ORD1764,Product C,42,E1,Packed,2025-03-24 16:52:12
ORD1765,Product B,18,D1,Returned,2025-03-24 16:52:13
ORD1766,Product B,11,A1,Packed,2025-03-24 16:52:14
ORD1767,Product D,7,H1,Packed,2025-03-24 16:52:15
ORD1768,Product C,14,C1,Shipped,2025-03-24 16:52:16
ORD1769,Product E,27,C1,Picked,2025-03-24 16:52:17
ORD1770,Product E,35,H1,Returned,2025-03-24 16:52:18
ORD1771,Product D,50,E1,Returned,2025-03-24 16:52:19
ORD1772,Product E,11,G1,Shipped,2025-03-24 16:52:20
ORD1773,Product A,12,B1,Returned,2025-03-24 16:52:21
ORD1774,Product A,14,A1,Packed,2025-03-24 16:52:22
ORD1775,Product B,1,F1,Packed,2025-03-24 16:52:23
ORD1776,Product A,38,H1,Shipped,2025-03-24 16:52:24
ORD1777,Product C,9,D1,Shipped,2025-03-24 16:52:25
ORD1778,Product D,2,H1,Picked,2025-03-24 16:52:26
ORD1779,Product B,27,H1,Packed,2025-03-24 16:52:27
ORD1780,Product B,39,B1,Picked,2025-03-24 16:52:28
ORD1781,Product E,12,H1,Packed,2025-03-24 16:52:29
ORD1782,Product D,41,A1,Packed,2025-03-24 16:52:30
ORD1783,Product D,11,D1,Picked,2025-03-24 16:52:31
ORD1784,Product E,34,B1,Shipped,2025-03-24 16:52:32
ORD1785,Product A,13,H1,Packed,2025-03-24 16:52:33
ORD1786,Product A,28,E1,Shipped,2025-03-24 16:52:34
ORD1787,Product E,50,H1,Picked,2025-03-24 16:52:35
ORD1788,Product D,30,A1,Picked,2025-03-24 16:52:36
ORD1789,Product A,19,H1,Shipped,2025-03-24 16:52:37
ORD1790,Product C,18,B1,Packed,2025-03-24 16:52:38
ORD1791,Product B,14,H1,Packed,2025-03-24 16:52:39
ORD1792,Product D,37,E1,Picked,2025-03-24 16:52:40
ORD1793,Product E,34,C1,Packed,2025-03-24 16:52:41
ORD1794,Product C,33,G1,Packed,2025-03-24 16:52:42
ORD1795,Product D,32,H1,Returned,2025-03-24 16:52:43
ORD1796,Product B,16,D1,Picked,2025-03-24 16:52:44
ORD1797,Product E,32,C1,Returned,2025-03-24 16:52:45
ORD1798,Product A,8,D1,Picked,2025-03-24 16:52:46
ORD1799,Product D,31,F1,Returned,2025-03-24 16:52:47
ORD1800,Product D,30,F1,Picked,2025-03-24 16:52:48
ORD1801,Product C,31,C1,Packed,2025-03-24 16:52:49
ORD1802,Product B,34,F1,Packed,2025-03-24 16:52:50
ORD1803,Product E,19,B1,Shipped,2025-03-24 16:52:51
ORD1804,Product D,41,G1,Packed,2025-03-24 16:52:52
ORD1805,Product C,36,H1,Shipped,2025-03-24 16:52:53
ORD1806,Product D,16,B1,Shipped,2025-03-24 16:52:54
ORD1807,Product B,33,G1,Packed,2025-03-24 16:52:55
ORD1808,Product B,21,C1,Returned,2025-03-24 16:52:56
ORD1809,Product B,39,B1,Packed,2025-03-24 16:52:57
ORD1810,Product E,44,A1,Packed,2025-03-24 16:52:58
ORD1811,Product C,9,A1,Picked,2025-03-24 16:52:59
ORD1812,Product B,37,A1,Packed,2025-03-24 16:53:00
ORD1813,Product A,49,C1,Packed,2025-03-24 16:53:01
ORD1814,Product D,11,A1,Returned,2025-03-24 16:53:02
ORD1815,Product E,18,C1,Packed,2025-03-24 16:53:03
ORD1816,Product A,20,E1,Packed,2025-03-24 16:53:04
ORD1817,Product E,6,A1,Packed,2025-03-24 16:53:05
ORD1818,Product A,39,D1,Packed,2025-03-24 16:53:06
ORD1819,Product A,14,E1,Shipped,2025-03-24 16:53:07
ORD1820,Product E,47,C1,Packed,2025-03-24 16:53:08
ORD1821,Product D,6,E1,Picked,2025-03-24 16:53:09
ORD1822,Product E,8,H1,Packed,2025-03-24 16:53:10
ORD1823,Product A,46,G1,Returned,2025-03-24 16:53:11
ORD1824,Product A,26,C1,Returned,2025-03-24 16:53:12
ORD1825,Product C,41,A1,Returned,2025-03-24 16:53:13
ORD1826,Product A,39,D1,Packed,2025-03-24 16:53:14
ORD1827,Product A,27,H1,Shipped,2025-03-24 16:53:15
ORD1828,Product A,37,A1,Shipped,2025-03-24 16:53:16
ORD1829,Product A,31,C1,Packed,2025-03-24 16:53:17
ORD1830,Product D,20,F1,Shipped,2025-03-24 16:53:18
ORD1831,Product D,27,D1,Returned,2025-03-24 16:53:19
ORD1832,Product D,34,F1,Picked,2025-03-24 16:53:20
ORD1833,Product C,32,D1,Returned,2025-03-24 16:53:21
ORD1834,Product D,36,C1,Packed,2025-03-24 16:53:22
ORD1835,Product A,31,B1,Packed,2025-03-24 16:53:23
ORD1836,Product C,6,A1,Returned,2025-03-24 16:53:24
ORD1837,Product D,33,A1,Picked,2025-03-24 16:53:25
ORD1838,Product A,5,H1,Shipped,2025-03-24 16:53:26
ORD1839,Product B,34,C1,Picked,2025-03-24 16:53:27
ORD1840,Product C,33,B1,Returned,2025-03-24 16:53:28
ORD1841,Product E,25,A1,Packed,2025-03-24 16:53:29
ORD1842,Product C,42,F1,Packed,2025-03-24 16:53:30
ORD1843,Product A,13,H1,Shipped,2025-03-24 16:53:31
ORD1844,Product E,18,G1,Returned,2025-03-24 16:53:32
ORD1845,Product C,20,A1,Returned,2025-03-24 16:53:33
ORD1846,Product E,40,E1,Picked,2025-03-24 16:53:34
ORD1847,Product C,41,F1,Picked,2025-03-24 16:53:35
ORD1848,Product D,34,F1,Packed,2025-03-24 16:53:36
ORD1849,Product B,18,C1,Returned,2025-03-24 16:53:37
ORD1850,Product E,11,H1,Returned,2025-03-24 16:53:38
ORD1851,Product C,22,B1,Returned,2025-03-24 16:53:39
ORD1852,Product B,14,A1,Returned,2025-03-24 16:53:40
ORD1853,Product E,1,E1,Packed,2025-03-24 16:53:41
ORD1854,Product A,1,D1,Picked,2025-03-24 16:53:42
ORD1855,Product B,15,G1,Picked,2025-03-24 16:53:43
ORD1856,Product A,45,G1,Picked,2025-03-24 16:53:44
ORD1857,Product C,26,F1,Picked,2025-03-24 16:53:45
ORD1858,Product B,46,G1,Returned,2025-03-24 16:53:46
ORD1859,Product E,36,E1,Returned,2025-03-24 16:53:47
ORD1860,Product D,13,A1,Returned,2025-03-24 16:53:48
ORD1861,Product E,32,B1,Returned,2025-03-24 16:53:49
ORD1862,Product B,48,H1,Returned,2025-03-24 16:53:50
ORD1863,Product B,19,C1,Shipped,2025-03-24 16:53:51
ORD1864,Product D,22,F1,Returned,2025-03-24 16:53:52
ORD1865,Product A,32,F1,Picked,2025-03-24 16:53:53
ORD1866,Product C,28,D1,Picked,2025-03-24 16:53:54
ORD1867,Product A,38,B1,Returned,2025-03-24 16:53:55
ORD1868,Product E,5,F1,Shipped,2025-03-24 16:53:56
ORD1869,Product A,3,E1,Picked,2025-03-24 16:53:57
ORD1870,Product D,32,H1,Shipped,2025-03-24 16:53:58
ORD1871,Product E,15,H1,Picked,2025-03-24 16:53:59
ORD1872,Product E,21,C1,Picked,2025-03-24 16:54:00
ORD1873,Product E,44,G1,Returned,2025-03-24 16:54:01
ORD1874,Product D,4,E1,Shipped,2025-03-24 16:54:02
ORD1875,Product A,23,B1,Shipped,2025-03-24 16:54:03
ORD1876,Product A,39,C1,Picked,2025-03-24 16:54:04
ORD1877,Product A,11,D1,Shipped,2025-03-24 16:54:05
ORD1878,Product B,11,D1,Returned,2025-03-24 16:54:06
ORD1879,Product A,44,C1,Shipped,2025-03-24 16:54:07
ORD1880,Product B,14,D1,Shipped,2025-03-24 16:54:08
ORD1881,Product A,29,C1,Picked,2025-03-24 16:54:09
ORD1882,Product C,33,A1,Returned,2025-03-24 16:54:10
ORD1883,Product D,24,E1,Picked,2025-03-24 16:54:11
ORD1884,Product E,4,A1,Packed,2025-03-24 16:54:12
ORD1885,Product B,20,B1,Shipped,2025-03-24 16:54:13
ORD1886,Product B,45,A1,Packed,2025-03-24 16:54:14
ORD1887,Product C,47,A1,Packed,2025-03-24 16:54:15
ORD1888,Product C,27,A1,Picked,2025-03-24 16:54:16
ORD1889,Product B,42,G1,Shipped,2025-03-24 16:54:17
ORD1890,Product C,45,D1,Shipped,2025-03-24 16:54:18
ORD1891,Product C,11,A1,Shipped,2025-03-24 16:54:19
ORD1892,Product C,47,H1,Packed,2025-03-24 16:54:20
ORD1893,Product D,21,A1,Picked,2025-03-24 16:54:21
ORD1894,Product E,30,H1,Shipped,2025-03-24 16:54:22
ORD1895,Product C,29,E1,Returned,2025-03-24 16:54:23
ORD1896,Product A,47,D1,Packed,2025-03-24 16:54:24
ORD1897,Product B,14,D1,Packed,2025-03-24 16:54:25
ORD1898,Product A,6,G1,Returned,2025-03-24 16:54:26
ORD1899,Product E,16,H1,Packed,2025-03-24 16:54:27
ORD1900,Product B,40,A1,Shipped,2025-03-24 16:54:28
ORD1901,Product C,18,D1,Packed,2025-03-24 16:54:29
ORD1902,Product A,11,C1,Returned,2025-03-24 16:54:30
ORD1903,Product D,10,E1,Returned,2025-03-24 16:54:31
ORD1904,Product B,13,B1,Packed,2025-03-24 16:54:32
ORD1905,Product C,48,F1,Packed,2025-03-24 16:54:33
ORD1906,Product A,40,B1,Packed,2025-03-24 16:54:34
ORD1907,Product B,31,E1,Returned,2025-03-24 16:54:35
ORD1908,Product A,37,F1,Shipped,2025-03-24 16:54:36
ORD1909,Product B,49,C1,Picked,2025-03-24 16:54:37
ORD1910,Product E,14,F1,Packed,2025-03-24 16:54:38
ORD1911,Product C,11,G1,Returned,2025-03-24 16:54:39
ORD1912,Product D,47,A1,Picked,2025-03-24 16:54:40
ORD1913,Product A,14,H1,Returned,2025-03-24 16:54:41
ORD1914,Product A,22,B1,Packed,2025-03-24 16:54:42
ORD1915,Product A,14,G1,Returned,2025-03-24 16:54:43
ORD1916,Product D,2,F1,Picked,2025-03-24 16:54:44
ORD1917,Product A,35,C1,Picked,2025-03-24 16:54:45
ORD1918,Product B,3,B1,Returned,2025-03-24 16:54:46
ORD1919,Product D,24,A1,Picked,2025-03-24 16:54:47
ORD1920,Product E,36,D1,Packed,2025-03-24 16:54:48
ORD1921,Product B,35,G1,Returned,2025-03-24 16:54:49
ORD1922,Product A,48,G1,Shipped,2025-03-24 16:54:50
ORD1923,Product B,43,G1,Shipped,2025-03-24 16:54:51
ORD1924,Product D,37,F1,Shipped,2025-03-24 16:54:52
ORD1925,Product B,15,G1,Returned,2025-03-24 16:54:53
ORD1926,Product E,12,F1,Shipped,2025-03-24 16:54:54
ORD1927,Product D,41,G1,Shipped,2025-03-24 16:54:55
ORD1928,Product E,38,G1,Shipped,2025-03-24 16:54:56
ORD1929,Product A,28,G1,Picked,2025-03-24 16:54:57
ORD1930,Product C,38,A1,Picked,2025-03-24 16:54:58
ORD1931,Product B,20,A1,Packed,2025-03-24 16:54:59
ORD1932,Product E,32,F1,Shipped,2025-03-24 16:55:00
ORD1933,Product B,31,C1,Picked,2025-03-24 16:55:01
ORD1934,Product D,22,C1,Returned,2025-03-24 16:55:02
ORD1935,Product D,45,G1,Packed,2025-03-24 16:55:03
ORD1936,Product D,32,A1,Picked,2025-03-24 16:55:04
ORD1937,Product C,40,A1,Packed,2025-03-24 16:55:05
ORD1938,Product E,50,H1,Picked,2025-03-24 16:55:06
ORD1939,Product B,7,G1,Returned,2025-03-24 16:55:07
ORD1940,Product E,15,G1,Returned,2025-03-24 16:55:08
ORD1941,Product E,18,H1,Shipped,2025-03-24 16:55:09
ORD1942,Product A,50,D1,Picked,2025-03-24 16:55:10
ORD1943,Product A,10,D1,Shipped,2025-03-24 16:55:11
ORD1944,Product A,12,G1,Shipped,2025-03-24 16:55:12
ORD1945,Product C,16,G1,Shipped,2025-03-24 16:55:13
ORD1946,Product C,27,F1,Picked,2025-03-24 16:55:14
ORD1947,Product D,43,D1,Packed,2025-03-24 16:55:15
ORD1948,Product C,5,H1,Packed,2025-03-24 16:55:16
ORD1949,Product B,13,B1,Packed,2025-03-24 16:55:17
ORD1950,Product A,25,C1,Returned,2025-03-24 16:55:18
ORD1951,Product D,47,E1,Packed,2025-03-24 16:55:19
ORD1952,Product E,30,F1,Picked,2025-03-24 16:55:20
ORD1953,Product D,30,E1,Shipped,2025-03-24 16:55:21
ORD1954,Product D,10,D1,Packed,2025-03-24 16:55:22
ORD1955,Product E,43,F1,Picked,2025-03-24 16:55:23
ORD1956,Product C,49,E1,Packed,2025-03-24 16:55:24
ORD1957,Product E,11,E1,Picked,2025-03-24 16:55:25
ORD1958,Product A,6,D1,Shipped,2025-03-24 16:55:26
ORD1959,Product E,42,D1,Returned,2025-03-24 16:55:27
ORD1960,Product D,48,B1,Packed,2025-03-24 16:55:28
ORD1961,Product A,10,D1,Picked,2025-03-24 16:55:29
ORD1962,Product B,45,A1,Packed,2025-03-24 16:55:30
ORD1963,Product A,46,F1,Packed,2025-03-24 16:55:31
ORD1964,Product D,38,H1,Picked,2025-03-24 16:55:32
ORD1965,Product E,8,C1,Packed,2025-03-24 16:55:33
ORD1966,Product E,37,D1,Packed,2025-03-24 16:55:34
ORD1967,Product B,41,F1,Returned,2025-03-24 16:55:35
ORD1968,Product A,15,B1,Packed,2025-03-24 16:55:36
ORD1969,Product B,11,A1,Returned,2025-03-24 16:55:37
ORD1970,Product B,21,E1,Picked,2025-03-24 16:55:38
ORD1971,Product B,12,H1,Picked,2025-03-24 16:55:39
ORD1972,Product A,6,E1,Picked,2025-03-24 16:55:40
ORD1973,Product A,1,A1,Returned,2025-03-24 16:55:41
ORD1974,Product A,8,F1,Shipped,2025-03-24 16:55:42
ORD1975,Product B,50,H1,Picked,2025-03-24 16:55:43
ORD1976,Product C,18,E1,Packed,2025-03-24 16:55:44
ORD1977,Product A,16,E1,Shipped,2025-03-24 16:55:45
ORD1978,Product D,28,F1,Returned,2025-03-24 16:55:46
ORD1979,Product A,27,G1,Shipped,2025-03-24 16:55:47
ORD1980,Product B,10,B1,Picked,2025-03-24 16:55:48
ORD1981,Product E,31,E1,Shipped,2025-03-24 16:55:49
ORD1982,Product E,11,A1,Picked,2025-03-24 16:55:50
ORD1983,Product B,32,B1,Shipped,2025-03-24 16:55:51
ORD1984,Product B,47,E1,Returned,2025-03-24 16:55:52
ORD1985,Product D,18,D1,Shipped,2025-03-24 16:55:53
ORD1986,Product D,26,D1,Returned,2025-03-24 16:55:54
ORD1987,Product E,43,A1,Packed,2025-03-24 16:55:55
ORD1988,Product B,15,D1,Shipped,2025-03-24 16:55:56
ORD1989,Product D,44,H1,Packed,2025-03-24 16:55:57
ORD1990,Product D,37,D1,Picked,2025-03-24 16:55:58
ORD1991,Product C,22,C1,Picked,2025-03-24 16:55:59
ORD1992,Product D,18,H1,Picked,2025-03-24 16:56:00
ORD1993,Product C,48,C1,Returned,2025-03-24 16:56:01
ORD1994,Product D,18,E1,Picked,2025-03-24 16:56:02
ORD1995,Product B,36,B1,Packed,2025-03-24 16:56:03
ORD1996,Product C,34,A1,Returned,2025-03-24 16:56:04
ORD1997,Product B,38,D1,Shipped,2025-03-24 16:56:05
ORD1998,Product C,20,D1,Picked,2025-03-24 16:56:06
ORD1999,Product B,19,D1,Returned,2025-03-24 16:56:07
